SOURCE;IP
avst.greenanimalsbank.com;107.170.2.149
point.greenanimalsbank.com;209.133.211.3
docsk.greenanimalsbank.com;5.88.132.200
greenanimalsbank.com | webmail2.greenanimalsbank.com;172.67.167.82
hfa.greenanimalsbank.com;142.93.53.222
greenanimalsbank.com;91.195.240.94
xsp.greenanimalsbank.com;142.93.53.238
webmail.com;142.93.53.203
wap.greenanimalsbank.com;142.93.53.233
vpn.greenanimalsbank.com;142.93.53.207
vendorportal.greenanimalsbank.com;142.93.53.235
vc.greenanimalsbank.com;142.93.53.234
usb.greenanimalsbank.com;142.93.53.232
stfp.greenanimalsbank.com;142.93.53.209
shop.greenanimalsbank.com;142.93.53.231
services.greenanimalsbank.com;142.93.53.230
securemail.greenanimalsbank.com;142.93.53.229
rewards.greenanimalsbank.com;142.93.53.236
resolve.greenanimalsbank.com;142.93.53.228
onlinebanking.greenanimalsbank.com;142.93.53.211
mta.greenanimalsbank.com;142.93.53.227
mortgage.greenanimalsbank.com;142.93.53.237
mobile.greenanimalsbank.com;142.93.53.226
me.greenanimalsbank.com;142.93.53.225
info.greenanimalsbank.com;142.93.53.224
hr.greenanimalsbank.com;142.93.53.223
ftp.greenanimalsbank.com;142.93.53.205
enroll.greenanimalsbank.com;142.93.53.220
employee.greenanimalsbank.com;142.93.53.221
ebill.greenanimalsbank.com;142.93.53.219
dosc.greenanimalsbank.com;142.93.53.218
dns3.greenanimalsbank.com;142.93.53.244
dns2.greenanimalsbank.com;142.93.53.243
dns1.greenanimalsbank.com;142.93.53.242
developer.greenanimalsbank.com;142.93.53.216
dash.greenanimalsbank.com;142.93.53.217
csm.greenanimalsbank.com;142.93.53.213
crm.greenanimalsbank.com;142.93.53.239
creditcard.greenanimalsbank.com;142.93.53.212
conversion.greenanimalsbank.com;142.93.53.215
content.greenanimalsbank.com;142.93.53.214
branding.greenanimalsbank.com;142.93.53.241
billpay.greenanimalsbank.com;142.93.53.210
greenanimalsbank.com;142.93.53.206
142.93.53.202;142.93.53.240
vpn-dmz.greenanimalsbank.com;173.249.51.116
vpn-cikis.greenanimalsbank.com;173.249.51.120
av.greenanimalsbank.com;142.93.53.202
live.greenanimalsbank.com;46.98.254.210
mail.greenanimalsbank.com;141.101.19.13
my.greenanimalsbank.com;217.73.85.49